,x,y,z
0,3.0,1.0,1264.6168152491255
1,3.0,1.125,1265.3018370340035
2,3.0,1.25,1265.9978580000388
3,3.0,1.375,1266.6660288935125
4,3.0,1.5,1267.262280143826
5,3.0,1.625,1267.7417374977192
6,3.0,1.75,1268.066368222611
7,3.0,1.875,1268.2067664010187
8,3.0,2.0,1268.146373289418
9,3.0,2.125,1267.8812493014043
10,3.0,2.25,1267.4197777679992
11,3.0,2.375,1266.7742331954073
12,3.0,2.5,1265.9690534151514
13,3.0,2.625,1265.0240915533893
14,3.0,2.75,1263.9634505286194
15,3.0,2.875,1262.8135602962898
16,3.0,3.0,1261.592306421393
17,3.0,3.125,1260.3218879648227
18,3.0,3.25,1259.0197769261008
19,3.0,3.375,1257.7057463238498
20,3.0,3.5,1256.395114677236
21,3.0,3.625,1255.1041784462022
22,3.0,3.75,1253.9272460785066
23,3.0,3.875,1252.81620151394
24,3.0,4.0,1251.7369191629905
25,3.0,4.125,1250.6990200656278
26,3.0,4.25,1249.7105243084552
27,3.0,4.375,1248.7778696218334
28,3.0,4.5,1247.905735393147
29,3.0,4.625,1247.0971100432776
30,3.0,4.75,1246.35349361332
31,3.0,4.875,1245.6749748207117
32,3.0,5.0,1245.060477547355
33,3.0,5.125,1244.507950621766
34,3.0,5.25,1244.0145850395938
35,3.0,5.375,1243.5770385772678
36,3.0,5.5,1243.1916082727093
37,3.0,5.625,1242.8544150246723
38,3.0,5.75,1242.5614335463124
39,3.0,5.875,1242.3087059272518
40,3.0,6.0,1242.09241160146
41,3.0,6.125,1241.908777638987
42,3.0,6.25,1241.754435521144
43,3.0,6.375,1241.626057810598
44,3.0,6.5,1241.5206900795738
45,3.0,6.625,1241.4355897093633
46,3.0,6.75,1241.3682127046543
47,3.0,6.875,1241.316289758825
48,3.0,7.0,1241.2778421834514
49,4.0,1.0,1264.4707701927005
50,4.0,1.125,1265.147323226929
51,4.0,1.25,1265.8458351670647
52,4.0,1.375,1266.5284844780706
53,4.0,1.5,1267.151833114091
54,4.0,1.625,1267.6702045259021
55,4.0,1.75,1268.041078208149
56,4.0,1.875,1268.2323748779293
57,4.0,2.0,1268.2212098517637
58,4.0,2.125,1268.0016575424438
59,4.0,2.25,1267.5771986427949
60,4.0,2.375,1266.9605389055178
61,4.0,2.5,1266.17337137296
62,4.0,2.625,1265.238524944154
63,4.0,2.75,1264.1799000681794
64,4.0,2.875,1263.0240891535477
65,4.0,3.0,1261.7952446736083
66,4.0,3.125,1260.5122994685512
67,4.0,3.25,1259.1958078844798
68,4.0,3.375,1257.8687885640802
69,4.0,3.5,1256.5436064258229
70,4.0,3.625,1255.2390992966243
71,4.0,3.75,1254.0746308135228
72,4.0,3.875,1252.953964980332
73,4.0,4.0,1251.8681183013764
74,4.0,4.125,1250.8268125002444
75,4.0,4.25,1249.8381044767
76,4.0,4.375,1248.908230517651
77,4.0,4.5,1248.0415842702223
78,4.0,4.625,1247.2409950126785
79,4.0,4.75,1246.507516074014
80,4.0,4.875,1245.840957900742
81,4.0,5.0,1245.2398763955773
82,4.0,5.125,1244.7019485946184
83,4.0,5.25,1244.2240210656046
84,4.0,5.375,1243.8024842131745
85,4.0,5.5,1243.4334169401159
86,4.0,5.625,1243.1126383991987
87,4.0,5.75,1242.8360371775443
88,4.0,5.875,1242.5994238153207
89,4.0,6.0,1242.3988670021386
90,4.0,6.125,1242.2306132435685
91,4.0,6.25,1242.091039301275
92,4.0,6.375,1241.9768601912006
93,4.0,6.5,1241.8850328443527
94,4.0,6.625,1241.8127967308574
95,4.0,6.75,1241.7576213459395
96,4.0,6.875,1241.7171892895926
97,4.0,7.0,1241.6895154711015
98,5.0,1.0,1264.3259797846608
99,5.0,1.125,1264.991306559245
100,5.0,1.25,1265.688493449697
101,5.0,1.375,1266.382585573027
102,5.0,1.5,1267.029898366621
103,5.0,1.625,1267.5844182377366
104,5.0,1.75,1268.001678922903
105,5.0,1.875,1268.2439842415818
106,5.0,2.0,1268.2856417924932
107,5.0,2.125,1268.115596107814
108,5.0,2.25,1267.7325453381031
109,5.0,2.375,1267.149591029708
110,5.0,2.5,1266.3863546568316
111,5.0,2.625,1265.4642739613846
112,5.0,2.75,1264.4129256127596
113,5.0,2.875,1263.255695785545
114,5.0,3.0,1262.018123973499
115,5.0,3.125,1260.7242004631107
116,5.0,3.25,1259.3962663130317
117,5.0,3.375,1258.0549267453134
118,5.0,3.5,1256.7193271767383
119,5.0,3.625,1255.402976592222
120,5.0,3.75,1254.2410112165671
121,5.0,3.875,1253.1116623549792
122,5.0,4.0,1252.0201716008605
123,5.0,4.125,1250.976417686318
124,5.0,4.25,1249.9883588853777
125,5.0,4.375,1249.0621045824296
126,5.0,4.5,1248.2018506395952
127,5.0,4.625,1247.4100123204435
128,5.0,4.75,1246.6874087368935
129,5.0,4.875,1246.033458500118
130,5.0,5.0,1245.4463994562566
131,5.0,5.125,1244.923530525261
132,5.0,5.25,1244.4614700789932
133,5.0,5.375,1244.0562695818585
134,5.0,5.5,1243.703810913818
135,5.0,5.625,1243.3997008088345
136,5.0,5.75,1243.1395755733529
137,5.0,5.875,1242.9192152604478
138,5.0,6.0,1242.7345018262993
139,5.0,6.125,1242.5815531971693
140,5.0,6.25,1242.4567119129654
141,5.0,6.375,1242.3566823191459
142,5.0,6.5,1242.278295282598
143,5.0,6.625,1242.2188666436102
144,5.0,6.75,1242.1757765702318
145,5.0,6.875,1242.1467418842149
146,5.0,7.0,1242.1297381664963
147,6.0,1.0,1264.1808360706677
148,6.0,1.125,1264.8321127122451
149,6.0,1.25,1265.5245244675789
150,6.0,1.375,1266.226274093779
151,6.0,1.5,1266.8946139978138
152,6.0,1.625,1267.4825346204968
153,6.0,1.75,1267.9440627306471
154,6.0,1.875,1268.2386345384223
155,6.0,2.0,1268.3351518426625
156,6.0,2.125,1268.2167969068557
157,6.0,2.25,1267.880671999459
158,6.0,2.375,1267.3346035458621
159,6.0,2.5,1266.599912626962
160,6.0,2.625,1265.696327407639
161,6.0,2.75,1264.6542885689921
162,6.0,2.875,1263.4984349312545
163,6.0,3.0,1262.2559973028901
164,6.0,3.125,1260.954685867212
165,6.0,3.25,1259.6164789359923
166,6.0,3.375,1258.2633663892198
167,6.0,3.5,1256.9134081700804
168,6.0,3.625,1255.58713388967
169,6.0,3.75,1254.4206236268612
170,6.0,3.875,1253.2831216787367
171,6.0,4.0,1252.1866203712061
172,6.0,4.125,1251.1409594891195
173,6.0,4.25,1250.1541334337055
174,6.0,4.375,1249.2320099029394
175,6.0,4.5,1248.378576684546
176,6.0,4.625,1247.5959711522614
177,6.0,4.75,1246.88468513908
178,6.0,4.875,1246.2437019767349
179,6.0,5.0,1245.670987795164
180,6.0,5.125,1245.163491141427
181,6.0,5.25,1244.717537177789
182,6.0,5.375,1244.3288873601987
183,6.0,5.5,1243.9931160300882
184,6.0,5.625,1243.7057674228847
185,6.0,5.75,1243.4622494205014
186,6.0,5.875,1243.2581308004744
187,6.0,6.0,1243.0892203499627
188,6.0,6.125,1242.9516086330661
189,6.0,6.25,1242.8415203570842
190,6.0,6.375,1242.7555975975934
191,6.0,6.5,1242.6906675630282
192,6.0,6.625,1242.6439674369822
193,6.0,6.75,1242.6129396573888
194,6.0,6.875,1242.5952656047566
195,6.0,7.0,1242.5889802336337
196,7.0,1.0,1264.0337653575602
197,7.0,1.125,1264.6684679222813
198,7.0,1.25,1265.3531579713574
199,7.0,1.375,1266.0580614402936
200,7.0,1.5,1266.742748466992
201,7.0,1.625,1267.361401278613
202,7.0,1.75,1267.8659595611343
203,7.0,1.875,1268.2114084926218
204,7.0,2.0,1268.362837697303
205,7.0,2.125,1268.300027693472
206,7.0,2.25,1268.013263615695
207,7.0,2.375,1267.511496680123
208,7.0,2.5,1266.808296486184
209,7.0,2.625,1265.9291402941103
210,7.0,2.75,1264.8982774085366
211,7.0,2.875,1263.7487198610827
212,7.0,3.0,1262.505676759118
213,7.0,3.125,1261.1966325295675
214,7.0,3.25,1259.8492916652135
215,7.0,3.375,1258.4849931524036
216,7.0,3.5,1257.122869491577
217,7.0,3.625,1255.7843284340172
218,7.0,3.75,1254.6072653695182
219,7.0,3.875,1253.4619517140577
220,7.0,4.0,1252.3605694994703
221,7.0,4.125,1251.3132076663574
222,7.0,4.25,1250.327757264708
223,7.0,4.375,1249.4099547455721
224,7.0,4.5,1248.5635388933579
225,7.0,4.625,1247.7903493753565
226,7.0,4.75,1247.0904302454142
227,7.0,4.875,1246.4625990617046
228,7.0,5.0,1245.9043446787587
229,7.0,5.125,1245.412273197384
230,7.0,5.25,1244.9824377587743
231,7.0,5.375,1244.6103466998095
232,7.0,5.5,1244.2913759671728
233,7.0,5.625,1244.0207404594921
234,7.0,5.75,1243.7937899045533
235,7.0,5.875,1243.6059246387156
236,7.0,6.0,1243.4528366073628
237,7.0,6.125,1243.3305017431303
238,7.0,6.25,1243.235119982557
239,7.0,6.375,1243.1632764665756
240,7.0,6.5,1243.1118239365617
241,7.0,6.625,1243.0778908134102
242,7.0,6.75,1243.0589686954886
243,7.0,6.875,1243.052716097989
244,7.0,7.0,1243.0571526556942
245,8.0,1.0,1263.8839721679688
246,8.0,1.125,1264.4995933293467
247,8.0,1.25,1265.1728934998723
248,8.0,1.375,1265.8768026849739
249,8.0,1.5,1266.5734069328005
250,8.0,1.625,1267.2189858947133
251,8.0,1.75,1267.762688330885
252,8.0,1.875,1268.157376421997
253,8.0,2.0,1268.3653493540914
254,8.0,2.125,1268.3602463335906
255,8.0,2.25,1268.127698018542
256,8.0,2.375,1267.6713459666182
257,8.0,2.5,1267.0072933234787
258,8.0,2.625,1266.1533378327317
259,8.0,2.75,1265.1410675048833
260,8.0,2.875,1263.9990684669342
261,8.0,3.0,1262.7579460901932
262,8.0,3.125,1261.4449588517505
263,8.0,3.25,1260.087373923351
264,8.0,3.375,1258.7124247187464
265,8.0,3.5,1257.3405369164952
266,8.0,3.625,1255.9918863340513
267,8.0,3.75,1254.794951599914
268,8.0,3.875,1253.6416619879146
269,8.0,4.0,1252.5353077098684
270,8.0,4.125,1251.4860158914576
271,8.0,4.25,1250.5017987688582
272,8.0,4.375,1249.5880896752174
273,8.0,4.5,1248.7485376866787
274,8.0,4.625,1247.9845602243215
275,8.0,4.75,1247.2959355707774
276,8.0,4.875,1246.681059114226
277,8.0,5.0,1246.1371151431583
278,8.0,5.125,1245.6603718851954
279,8.0,5.25,1245.2465595470208
280,8.0,5.375,1244.890907356194
281,8.0,5.5,1244.5886174829814
282,8.0,5.625,1244.334614969991
283,8.0,5.75,1244.1241253863327
284,8.0,5.875,1243.9524608844526
285,8.0,6.0,1243.8151108992329
286,8.0,6.125,1243.7080303272169
287,8.0,6.25,1243.6273684201547
288,8.0,6.375,1243.56960628178
289,8.0,6.5,1243.5315952815497
290,8.0,6.625,1243.5104896019507
291,8.0,6.75,1243.5036765754999
292,8.0,6.875,1243.5089576256264
293,8.0,7.0,1243.524282190588
294,9.0,1.0,1263.7293287636571
295,9.0,1.125,1264.324192261145
296,9.0,1.25,1264.982743696733
297,9.0,1.375,1265.6815519787015
298,9.0,1.5,1266.3864960273108
299,9.0,1.625,1267.0527385970922
300,9.0,1.75,1267.632903009993
301,9.0,1.875,1268.0759073784316
302,9.0,2.0,1268.338814243194
303,9.0,2.125,1268.3913362048925
304,9.0,2.25,1268.2173232481368
305,9.0,2.375,1267.8118309607871
306,9.0,2.5,1267.1878375728863
307,9.0,2.625,1266.3669826801006
308,9.0,2.75,1265.3752637431567
309,9.0,2.875,1264.2460187893462
310,9.0,3.0,1263.007329037314
311,9.0,3.125,1261.692224185862
312,9.0,3.25,1260.3276619092958
313,9.0,3.375,1258.9427054905063
314,9.0,3.5,1257.5589912901537
315,9.0,3.625,1256.200227708558
316,9.0,3.75,1254.9776788762997
317,9.0,3.875,1253.8160777973249
318,9.0,4.0,1252.7042414067873
319,9.0,4.125,1251.652610771187
320,9.0,4.25,1250.6690187863892
321,9.0,4.375,1249.7590162370589
322,9.0,4.5,1248.9258283525562
323,9.0,4.625,1248.1706327729892
324,9.0,4.75,1247.4928523015078
325,9.0,4.875,1246.8905518462248
326,9.0,5.0,1246.3605712677215
327,9.0,5.125,1245.8988249147092
328,9.0,5.25,1245.5007388851386
329,9.0,5.375,1245.161311543071
330,9.0,5.5,1244.8754500961686
331,9.0,5.625,1244.6379099263772
332,9.0,5.75,1244.4437433599114
333,9.0,5.875,1244.288085190566
334,9.0,6.0,1244.1664138016527
335,9.0,6.125,1244.0745234227447
336,9.0,6.25,1244.0085057612068
337,9.0,6.375,1243.9648204273753
338,9.0,6.5,1243.940303623379
339,9.0,6.625,1243.9320553408993
340,9.0,6.75,1243.937520761709
341,9.0,6.875,1243.9544378960882
342,9.0,7.0,1243.9807628132367
343,10.0,1.0,1263.5696750509328
344,10.0,1.125,1264.1407212071454
345,10.0,1.25,1264.7814123181324
346,10.0,1.375,1265.4710995253695
347,10.0,1.5,1266.1786730008625
348,10.0,1.625,1266.8625286263486
349,10.0,1.75,1267.4738559343955
350,10.0,1.875,1267.962129910787
351,10.0,2.0,1268.2798370601615
352,10.0,2.125,1268.3905246670683
353,10.0,2.25,1268.2740487142505
354,10.0,2.375,1267.924483483579
355,10.0,2.5,1267.3462647751883
356,10.0,2.625,1266.5607272672796
357,10.0,2.75,1265.5954882653507
358,10.0,2.875,1264.4802967838673
359,10.0,3.0,1263.248604990708
360,10.0,3.125,1261.9332333039163
361,10.0,3.25,1260.5630680283095
362,10.0,3.375,1259.168672475728
363,10.0,3.5,1257.7757353037277
364,10.0,3.625,1256.40444145319
365,10.0,3.75,1255.1500711812605
366,10.0,3.875,1253.9794873095657
367,10.0,4.0,1252.8614251501672
368,10.0,4.125,1251.806621875439
369,10.0,4.25,1250.8229561880992
370,10.0,4.375,1249.915823007559
371,10.0,4.5,1249.0882414704438
372,10.0,4.625,1248.3411098026731
373,10.0,4.75,1247.6736169714077
374,10.0,4.875,1247.0833192076484
375,10.0,5.0,1246.5666961669926
376,10.0,5.125,1246.1195058755939
377,10.0,5.25,1245.73671034166
378,10.0,5.375,1245.4131032084374
379,10.0,5.5,1245.143328884861
380,10.0,5.625,1244.9219724824738
381,10.0,5.75,1244.7438792439252
382,10.0,5.875,1244.604072685127
383,10.0,6.0,1244.4979029149563
384,10.0,6.125,1244.421100826054
385,10.0,6.25,1244.3696989046114
386,10.0,6.375,1244.3400838205985
387,10.0,6.5,1244.3290817916218
388,10.0,6.625,1244.3337501274364
389,10.0,6.75,1244.3515482625285
390,10.0,6.875,1244.3802391303766
391,10.0,7.0,1244.417753800765
392,11.0,1.0,1263.403218083649
393,11.0,1.125,1263.9490907790077
394,11.0,1.25,1264.5691354847488
395,11.0,1.375,1265.2459110408633
396,11.0,1.5,1265.9523374088776
397,11.0,1.625,1266.6478779762297
398,11.0,1.75,1267.2855798864875
399,11.0,1.875,1267.8141404748926
400,11.0,2.0,1268.1844362174393
401,11.0,2.125,1268.3543644265246
402,11.0,2.25,1268.2986268416698
403,11.0,2.375,1268.0043600726594
404,11.0,2.5,1267.475627694596
405,11.0,2.625,1266.7314090498962
406,11.0,2.75,1265.7944848071575
407,11.0,2.875,1264.696735643361
408,11.0,3.0,1263.4748152190564
409,11.0,3.125,1262.161169456425
410,11.0,3.25,1260.7865683766272
411,11.0,3.375,1259.3834894275237
412,11.0,3.5,1257.9791776065172
413,11.0,3.625,1256.5975510364192
414,11.0,3.75,1255.3072696346617
415,11.0,3.875,1254.1267927781453
416,11.0,4.0,1253.0015792618026
417,11.0,4.125,1251.9425283731161
418,11.0,4.25,1250.957771629005
419,11.0,4.375,1250.0524957982695
420,11.0,4.5,1249.2295752800667
421,11.0,4.625,1248.489629038564
422,11.0,4.75,1247.8314699826544
423,11.0,4.875,1247.2523817125261
424,11.0,5.0,1246.7485267418128
425,11.0,5.125,1246.3151742361647
426,11.0,5.25,1245.9471601396654
427,11.0,5.375,1245.63891491809
428,11.0,5.5,1245.3848144653198
429,11.0,5.625,1245.1792725554478
430,11.0,5.75,1245.0169547859368
431,11.0,5.875,1244.8927935162988
432,11.0,6.0,1244.8019549420308
433,11.0,6.125,1244.7400852778817
434,11.0,6.25,1244.703218534395
435,11.0,6.375,1244.6876302560966
436,11.0,6.5,1244.690156492677
437,11.0,6.625,1244.7077798605205
438,11.0,6.75,1244.7380735871793
439,11.0,6.875,1244.778617683586
440,11.0,7.0,1244.8275017523983
441,12.0,1.0,1263.2296811243527
442,12.0,1.125,1263.7489075688584
443,12.0,1.25,1264.3457366199032
444,12.0,1.375,1265.00598040494
445,12.0,1.5,1265.7049769769046
446,12.0,1.625,1266.4077736699496
447,12.0,1.75,1267.0665968566382
448,12.0,1.875,1267.632158135038
449,12.0,2.0,1268.0506350367646
450,12.0,2.125,1268.278558442918
451,12.0,2.25,1268.2824278530998
452,12.0,2.375,1268.0473495932188
453,12.0,2.5,1267.5732219219199
454,12.0,2.625,1266.8703959450786
455,12.0,2.75,1265.9675616673064
456,12.0,2.875,1264.8927634400752
457,12.0,3.0,1263.6813519828938
458,12.0,3.125,1262.3715472846438
459,12.0,3.25,1260.9939404238676
460,12.0,3.375,1259.585169572765
461,12.0,3.5,1258.1698345516033
462,12.0,3.625,1256.7755267036405
463,12.0,3.75,1255.4450858437222
464,12.0,3.875,1254.2537000962907
465,12.0,4.0,1253.1201697015147
466,12.0,4.125,1252.0557312865358
467,12.0,4.25,1251.0685574496301
468,12.0,4.375,1250.1639932638166
469,12.0,4.5,1249.344542176574
470,12.0,4.625,1248.6107233068446
471,12.0,4.75,1247.9609410365028
472,12.0,4.875,1247.3921340043019
473,12.0,5.0,1246.9002018489323
474,12.0,5.125,1246.479993928801
475,12.0,5.25,1246.126078968639
476,12.0,5.375,1245.8325655667577
477,12.0,5.5,1245.5936677305854
478,12.0,5.625,1245.4035303380701
479,12.0,5.75,1245.25669345608
480,12.0,5.875,1245.1478352580039
481,12.0,6.0,1245.0721322287336
482,12.0,6.125,1245.0250510902672
483,12.0,6.25,1245.0026080944208
484,12.0,6.375,1245.0010370184013
485,12.0,6.5,1245.0170324518012
486,12.0,6.625,1245.0477237301277
487,12.0,6.75,1245.090509008814
488,12.0,6.875,1245.1430585405808
489,12.0,7.0,1245.2034684065934
490,13.0,1.0,1263.0480768651134
491,13.0,1.125,1263.5391751202678
492,13.0,1.25,1264.1106020240477
493,13.0,1.375,1264.7508897452517
494,13.0,1.5,1265.4388355492993
495,13.0,1.625,1266.1426547513809
496,13.0,1.75,1266.8181695053263
497,13.0,1.875,1267.4131898581982
498,13.0,2.0,1267.8772715742261
499,13.0,2.125,1268.159526858709
500,13.0,2.25,1268.224243602238
501,13.0,2.375,1268.0498703076883
502,13.0,2.5,1267.6313644739867
503,13.0,2.625,1266.9772011731434
504,13.0,2.75,1266.1083096807647
505,13.0,2.875,1265.0599032201947
506,13.0,3.0,1263.8640251856875
507,13.0,3.125,1262.5603291269235
508,13.0,3.25,1261.1834952814108
509,13.0,3.375,1259.7654634003243
510,13.0,3.5,1258.341682341959
511,13.0,3.625,1256.934656821667
512,13.0,3.75,1255.569634930181
513,13.0,3.875,1254.3566770296356
514,13.0,4.0,1253.2135281862913
515,13.0,4.125,1252.1423506760575
516,13.0,4.25,1251.151442627807
517,13.0,4.375,1250.2461988847335
518,13.0,4.5,1249.429010320734
519,13.0,4.625,1248.7000497976146
520,13.0,4.75,1248.0575063059498
521,13.0,4.875,1247.4980193299134
522,13.0,5.0,1247.0170269336372
523,13.0,5.125,1246.6091386183398
524,13.0,5.25,1246.2685874458793
525,13.0,5.375,1245.9892362123965
526,13.0,5.5,1245.7649723323557
527,13.0,5.625,1245.5897892390817
528,13.0,5.75,1245.4580353880747
529,13.0,5.875,1245.3642252370437
530,13.0,6.0,1245.3033867225308
531,13.0,6.125,1245.2709699510697
532,13.0,6.25,1245.262798191189
533,13.0,6.375,1245.2751334206573
534,13.0,6.5,1245.3046344067309
535,13.0,6.625,1245.3483536574508
536,13.0,6.75,1245.4037195104704
537,13.0,6.875,1245.46841090733
538,13.0,7.0,1245.5404624214898
539,14.0,1.0,1262.858399310744
540,14.0,1.125,1263.3203864627412
541,14.0,1.25,1263.863835088986
542,14.0,1.375,1264.481104655438
543,14.0,1.5,1265.154667030386
544,14.0,1.625,1265.8534552093242
545,14.0,1.75,1266.5388084133624
546,14.0,1.875,1267.1600737938506
547,14.0,2.0,1267.6638765998814
548,14.0,2.125,1267.9988730370574
549,14.0,2.25,1268.1235787382095
550,14.0,2.375,1268.0089932861329
551,14.0,2.5,1267.6483301962585
552,14.0,2.625,1267.0442403382606
553,14.0,2.75,1266.216875459925
554,14.0,2.875,1265.1963804076313
555,14.0,3.0,1264.019217696844
556,14.0,3.125,1262.7240797263296
557,14.0,3.25,1261.3452564836984
558,14.0,3.375,1259.9234082877977
559,14.0,3.5,1258.4893027430367
560,14.0,3.625,1257.0695243722062
561,14.0,3.75,1255.6930996806545
562,14.0,3.875,1254.4328980345826
563,14.0,4.0,1253.2787849662545
564,14.0,4.125,1252.1994261689238
565,14.0,4.25,1251.2034028441044
566,14.0,4.375,1250.296018221281
567,14.0,4.5,1249.479699225335
568,14.0,4.625,1248.7543338162086
569,14.0,4.75,1248.1178232625534
570,14.0,4.875,1247.5665338079887
571,14.0,5.0,1247.095497428597
572,14.0,5.125,1246.6990941340155
573,14.0,5.25,1246.371141447054
574,14.0,5.375,1246.1052550659792
575,14.0,5.5,1245.895048326308
576,14.0,5.625,1245.7343419519934
577,14.0,5.75,1245.6172276210123
578,14.0,5.875,1245.5381319120334
579,14.0,6.0,1245.4919269725635
580,14.0,6.125,1245.4739443905705
581,14.0,6.25,1245.479952252947
582,14.0,6.375,1245.5061376916542
583,14.0,6.5,1245.549120983997
584,14.0,6.625,1245.6059314678241
585,14.0,6.75,1245.673914098597
586,14.0,6.875,1245.750818395472
587,14.0,7.0,1245.8346543135822
588,15.0,1.0,1262.6598614718
589,15.0,1.125,1263.091927510191
590,15.0,1.25,1263.6063294229632
591,15.0,1.375,1264.198043967875
592,15.0,1.5,1264.8516155829138
593,15.0,1.625,1265.5422795345903
594,15.0,1.75,1266.2306493022052
595,15.0,1.875,1266.8711350180888
596,15.0,2.0,1267.4106371639864
597,15.0,2.125,1267.793053345359
598,15.0,2.25,1267.9756241602608
599,15.0,2.375,1267.9224554394918
600,15.0,2.5,1267.6195131860131
601,15.0,2.625,1267.0682857882596
602,15.0,2.75,1266.2858590163755
603,15.0,2.875,1265.2989023429195
604,15.0,3.0,1264.1414884996664
605,15.0,3.125,1262.8574347285585
606,15.0,3.25,1261.4829338407055
607,15.0,3.375,1260.0561874193788
608,15.0,3.5,1258.610147730367
609,15.0,3.625,1257.1798779887545
610,15.0,3.75,1255.7894428989348
611,15.0,3.875,1254.4802152955685
612,15.0,4.0,1253.3138541146354
613,15.0,4.125,1252.2248799936638
614,15.0,4.25,1251.2221940199693
615,15.0,4.375,1250.3112088716953
616,15.0,4.5,1249.4943167184379
617,15.0,4.625,1248.7712265609148
618,15.0,4.75,1248.1395482111882
619,15.0,4.875,1247.5952695680787
620,15.0,5.0,1247.1332213166477
621,15.0,5.125,1246.7473555802112
622,15.0,5.25,1246.4311856966278
623,15.0,5.375,1246.1780798089856
624,15.0,5.5,1245.9813895973411
625,15.0,5.625,1245.8346693284748
626,15.0,5.75,1245.7317905635628
627,15.0,5.875,1245.6670795025288
628,15.0,6.0,1245.6352404614431
629,15.0,6.125,1245.6315448924859
630,15.0,6.25,1245.6515782648748
631,15.0,6.375,1245.691535560997
632,15.0,6.5,1245.747963126961
633,15.0,6.625,1245.817859737309
634,15.0,6.75,1245.8985660793064
635,15.0,6.875,1245.9877484423537
636,15.0,7.0,1246.0834548142288
637,16.0,1.0,1262.4522284908562
638,16.0,1.125,1262.853760706516
639,16.0,1.25,1263.3378753281586
640,16.0,1.375,1263.9016276208038
641,16.0,1.5,1264.5326026664989
642,16.0,1.625,1265.2085081868158
643,16.0,1.75,1265.8963280024484
644,16.0,1.875,1266.5500440847559
645,16.0,2.0,1267.118303438845
646,16.0,2.125,1267.543648092156
647,16.0,2.25,1267.7796265649013
648,16.0,2.375,1267.7870061679146
649,16.0,2.5,1267.5444878086905
650,16.0,2.625,1267.0504554391612
651,16.0,2.75,1266.3123742761754
652,16.0,2.875,1265.3623260705644
653,16.0,3.0,1264.2299879379466
654,16.0,3.125,1262.95778723608
655,16.0,3.25,1261.5874162611074
656,16.0,3.375,1260.1571487426759
657,16.0,3.5,1258.7042176709983
658,16.0,3.625,1257.2614146213905
659,16.0,3.75,1255.856717574035
660,16.0,3.875,1254.5128601657545
661,16.0,4.0,1253.3172436694167
662,16.0,4.125,1252.2172038776657
663,16.0,4.25,1251.2063894357598
664,16.0,4.375,1250.29035562521
665,16.0,4.5,1249.471464585829
666,16.0,4.625,1248.749256877156
667,16.0,4.75,1248.1211317978898
668,16.0,4.875,1247.5827696321014
669,16.0,5.0,1247.1286559509826
670,16.0,5.125,1246.7524201719916
671,16.0,5.25,1246.4472684755435
672,16.0,5.375,1246.2062320461525
673,16.0,5.5,1246.0224546419158
674,16.0,5.625,1245.8892289503708
675,16.0,5.75,1245.80021342793
676,16.0,5.875,1245.7495495989608
677,16.0,6.0,1245.7318739457562
678,16.0,6.125,1245.7422122707617
679,16.0,6.25,1245.7761801491965
680,16.0,6.375,1245.8297984821572
681,16.0,6.5,1245.8996873182969
682,16.0,6.625,1245.9826513056037
683,16.0,6.75,1246.0761285376004
684,16.0,6.875,1246.1777167839487
685,16.0,7.0,1246.2854152530822
686,17.0,1.0,1262.235919766577
687,17.0,1.125,1262.6060558500749
688,17.0,1.25,1263.058814062861
689,17.0,1.375,1263.592645587877
690,17.0,1.5,1264.1978821132489
691,17.0,1.625,1264.855702143675
692,17.0,1.75,1265.5364616944307
693,17.0,1.875,1266.1974103994846
694,17.0,2.0,1266.7869327511405
695,17.0,2.125,1267.2513847997632
696,17.0,2.25,1267.538658042684
697,17.0,2.375,1267.6033282690394
698,17.0,2.5,1267.4215385241387
699,17.0,2.625,1266.98277846868
700,17.0,2.75,1266.295748145939
701,17.0,2.875,1265.3840899824286
702,17.0,3.0,1264.2802025644396
703,17.0,3.125,1263.0247421847039
704,17.0,3.25,1261.6608463676796
705,17.0,3.375,1260.2286684484777
706,17.0,3.5,1258.7675759227009
707,17.0,3.625,1257.3145841313994
708,17.0,3.75,1255.895497585865
709,17.0,3.875,1254.5367042752346
710,17.0,4.0,1253.2880142471058
711,17.0,4.125,1252.1755842729053
712,17.0,4.25,1251.1552075548966
713,17.0,4.375,1250.2326513360908
714,17.0,4.5,1249.410332937936
715,17.0,4.625,1248.6876653314948
716,17.0,4.75,1248.0618554419216
717,17.0,4.875,1247.5282861517148
718,17.0,5.0,1247.0810982992843
719,17.0,5.125,1246.7136277114
720,17.0,5.25,1246.418701918809
721,17.0,5.375,1246.1890710912621
722,17.0,5.5,1246.0176466752243
723,17.0,5.625,1245.897409551508
724,17.0,5.75,1245.8218939416295
725,17.0,5.875,1245.7850021225115
726,17.0,6.0,1245.7811948945832
727,17.0,6.125,1245.805447527936
728,17.0,6.25,1245.85321195833
729,17.0,6.375,1245.9205149556255
730,17.0,6.5,1246.0037950940664
731,17.0,6.625,1246.0998961975529
732,17.0,6.75,1246.20615598086
733,17.0,6.875,1246.320227319068
734,17.0,7.0,1246.4400668148992
735,18.0,1.0,1262.0103153315465
736,18.0,1.125,1262.3499221801762
737,18.0,1.25,1262.7701111586
738,18.0,1.375,1263.2718574646137
739,18.0,1.5,1263.8486441250502
740,18.0,1.625,1264.4843427421124
741,18.0,1.75,1265.1528949848234
742,18.0,1.875,1265.8148050044783
743,18.0,2.0,1266.420820534543
744,18.0,2.125,1266.9172330657243
745,18.0,2.25,1267.2499557297592
746,18.0,2.375,1267.3709647157855
747,18.0,2.5,1267.2494435704737
748,18.0,2.625,1266.8691082887867
749,18.0,2.75,1266.2338035787377
750,18.0,2.875,1265.3638551800389
751,18.0,3.0,1264.2898751814953
752,18.0,3.125,1263.0542675125628
753,18.0,3.25,1261.6992741505599
754,18.0,3.375,1260.2669962418736
755,18.0,3.5,1258.800846905277
756,18.0,3.625,1257.3340695542424
757,18.0,3.75,1255.902481326543
758,18.0,3.875,1254.528354803721
759,18.0,4.0,1253.2339753788954
760,18.0,4.125,1252.099645121115
761,18.0,4.25,1251.0683374090509
762,18.0,4.375,1250.1379030972694
763,18.0,4.5,1249.3107713209642
764,18.0,4.625,1248.5863903400068
765,18.0,4.75,1247.9616854550482
766,18.0,4.875,1247.4317914598835
767,18.0,5.0,1246.9905053747525
768,18.0,5.125,1246.6308700454824
769,18.0,5.25,1246.3454329788865
770,18.0,5.375,1246.1266275076246
771,18.0,5.5,1245.9669638680416
772,18.0,5.625,1245.8593269066141
773,18.0,5.75,1245.796930654185
774,18.0,5.875,1245.7735119189892
775,18.0,6.0,1245.783413059109
776,18.0,6.125,1245.8214136175102
777,18.0,6.25,1245.8829327563308
778,18.0,6.375,1245.9638339108408
779,18.0,6.5,1246.0605038272279
780,18.0,6.625,1246.1697787838382
781,18.0,6.75,1246.2889205063739
782,18.0,6.875,1246.4155556510145
783,18.0,7.0,1246.547604159756
784,19.0,1.0,1261.7758507228773
785,19.0,1.125,1262.083993682062
786,19.0,1.25,1262.4722183971876
787,19.0,1.375,1262.9412853989966
788,19.0,1.5,1263.4868497398274
789,19.0,1.625,1264.0969159975496
790,19.0,1.75,1264.747549790602
791,19.0,1.875,1265.404548505287
792,19.0,2.0,1266.0205338217993
793,19.0,2.125,1266.5429444688448
794,19.0,2.25,1266.9160348397709
795,19.0,2.375,1267.0899795153127
796,19.0,2.5,1267.0256734502009
797,19.0,2.625,1266.7043797198157
798,19.0,2.75,1266.1229828138394
799,19.0,2.875,1265.297732489821
800,19.0,3.0,1264.2588652553936
801,19.0,3.125,1263.0444469304805
802,19.0,3.25,1261.7011463865351
803,19.0,3.375,1260.2726342403523
804,19.0,3.5,1258.7988265131562
805,19.0,3.625,1257.3229107423263
806,19.0,3.75,1255.8751264754292
807,19.0,3.875,1254.4871869699061
808,19.0,4.0,1253.177315725627
809,19.0,4.125,1251.9894310096643
810,19.0,4.25,1250.9459008703702
811,19.0,4.375,1250.00622912244
812,19.0,4.5,1249.1730376557039
813,19.0,4.625,1248.4456659673333
814,19.0,4.75,1247.8208665723928
815,19.0,4.875,1247.2936074240702
816,19.0,5.0,1246.857343172575
817,19.0,5.125,1246.5047262003136
818,19.0,5.25,1246.228060727115
819,19.0,5.375,1246.0193846680663
820,19.0,5.5,1245.8710392848125
821,19.0,5.625,1245.7755635477808
822,19.0,5.75,1245.7259384902209
823,19.0,5.875,1245.7157945204215
824,19.0,6.0,1245.7392172189384
825,19.0,6.125,1245.7908805671868
826,19.0,6.25,1245.8660617336768
827,19.0,6.375,1245.9605444299355
828,19.0,6.5,1246.0706745494494
829,19.0,6.625,1246.1931658886767
830,19.0,6.75,1246.325281469019
831,19.0,6.875,1246.464620279623
832,19.0,7.0,1246.609069260208
833,20.0,1.0,1261.5325951576242
834,20.0,1.125,1261.8099312769773
835,20.0,1.25,1262.1648775426356
836,20.0,1.375,1262.6003664269297
837,20.0,1.5,1263.1134707733277
838,20.0,1.625,1263.6940726770558
839,20.0,1.75,1264.323349291899
840,20.0,1.875,1264.9698959713228
841,20.0,2.0,1265.5896921474066
842,20.0,2.125,1266.131618206318
843,20.0,2.25,1266.5396500860384
844,20.0,2.375,1266.7594492767614
845,20.0,2.5,1266.7518832726396
846,20.0,2.625,1266.4877705228505
847,20.0,2.75,1265.9617832575498
848,20.0,2.875,1265.1857512300546
849,20.0,3.0,1264.183512748556
850,20.0,3.125,1262.9955270034372
851,20.0,3.25,1261.666711571835
852,20.0,3.375,1260.240629235855
853,20.0,3.5,1258.7645804896235
854,20.0,3.625,1257.278444230762
855,20.0,3.75,1255.8167016506195
856,20.0,3.875,1254.412894856595
857,20.0,4.0,1253.0870383126398
858,20.0,4.125,1251.8581520863459
859,20.0,4.25,1250.7882947283429
860,20.0,4.375,1249.8382194892513
861,20.0,4.5,1248.9977446564667
862,20.0,4.625,1248.2661877764572
863,20.0,4.75,1247.6402602067126
864,20.0,4.875,1247.1145768599074
865,20.0,5.0,1246.6823577118685
866,20.0,5.125,1246.3360063703387
867,20.0,5.25,1246.0673919281403
868,20.0,5.375,1245.8683495612058
869,20.0,5.5,1245.7308033153377
870,20.0,5.625,1245.6471231862618
871,20.0,5.75,1245.6100466915898
872,20.0,5.875,1245.6129662878625
873,20.0,6.0,1245.6497587190643
874,20.0,6.125,1245.7149710640924
875,20.0,6.25,1245.8038013012383
876,20.0,6.375,1245.9118877186052
877,20.0,6.5,1246.0355191226013
878,20.0,6.625,1246.1713119796473
879,20.0,6.75,1246.3165191741855
880,20.0,6.875,1246.4686521974127
881,20.0,7.0,1246.625605382167
882,21.0,1.0,1261.2801415579659
883,21.0,1.125,1261.5269435993278
884,21.0,1.25,1261.8495734962257
885,21.0,1.375,1262.2503529119924
886,21.0,1.5,1262.7294004374535
887,21.0,1.625,1263.2780733553445
888,21.0,1.75,1263.8820285797115
889,21.0,1.875,1264.5119865459333
890,21.0,2.0,1265.1292841513534
891,21.0,2.125,1265.6841392899837
892,21.0,2.25,1266.1196266284533
893,21.0,2.375,1266.3835010587616
894,21.0,2.5,1266.428145448605
895,21.0,2.625,1266.2221190476112
896,21.0,2.75,1265.7509149900627
897,21.0,2.875,1265.024667643062
898,21.0,3.0,1264.0639684544526
899,21.0,3.125,1262.9039292534185
900,21.0,3.25,1261.5928239834507
901,21.0,3.375,1260.1735395488172
902,21.0,3.5,1258.6952345514871
903,21.0,3.625,1257.2001261119271
904,21.0,3.75,1255.7267398834229
905,21.0,3.875,1254.3054257970962
906,21.0,4.0,1252.9631557870423
907,21.0,4.125,1251.7187020124406
908,21.0,4.25,1250.5962480055346
909,21.0,4.375,1249.63462456123
910,21.0,4.5,1248.7856625796082
911,21.0,4.625,1248.0488412649365
912,21.0,4.75,1247.4207118412596
913,21.0,4.875,1246.895653784692
914,21.0,5.0,1246.4666888287497
915,21.0,5.125,1246.1258474191825
916,21.0,5.25,1245.8646792203158
917,21.0,5.375,1245.6747118695519
918,21.0,5.5,1245.5475896936318
919,21.0,5.625,1245.4753355927523
920,21.0,5.75,1245.4505491304353
921,21.0,5.875,1245.466324294602
922,21.0,6.0,1245.5163613851976
923,21.0,6.125,1245.595134159664
924,21.0,6.25,1245.6976022634592
925,21.0,6.375,1245.8193444586423
926,21.0,6.5,1245.956534005545
927,21.0,6.625,1246.105772965438
928,21.0,6.75,1246.264188463514
929,21.0,6.875,1246.4293064723365
930,21.0,7.0,1246.5989508233467
931,22.0,1.0,1261.0191073996475
932,22.0,1.125,1261.236142245206
933,22.0,1.25,1261.5255939871736
934,22.0,1.375,1261.8917542916763
935,22.0,1.5,1262.3356558758278
936,22.0,1.625,1262.850935766302
937,22.0,1.75,1263.4253884468599
938,22.0,1.875,1264.034060416965
939,22.0,2.0,1264.6428435905175
940,22.0,2.125,1265.2030066868763
941,22.0,2.25,1265.6621042887368
942,22.0,2.375,1265.9619301492855
943,22.0,2.5,1266.0551912459298
944,22.0,2.625,1265.90389861617
945,22.0,2.75,1265.4911007806968
946,22.0,2.875,1264.815017132719
947,22.0,3.0,1263.8970605788697
948,22.0,3.125,1262.7700818680087
949,22.0,3.25,1261.4781814966445
950,22.0,3.375,1260.0701539080253
951,22.0,3.5,1258.591791446751
952,22.0,3.625,1257.089208330427
953,22.0,3.75,1255.6031146755922
954,22.0,3.875,1254.1678597953883
955,22.0,4.0,1252.8075111223302
956,22.0,4.125,1251.5469215144367
957,22.0,4.25,1250.396704426877
958,22.0,4.375,1249.3962582674894
959,22.0,4.5,1248.537855119734
960,22.0,4.625,1247.7947533880915
961,22.0,4.75,1247.1634228198561
962,22.0,4.875,1246.638146170846
963,22.0,5.0,1246.211609283051
964,22.0,5.125,1245.8755516029382
965,22.0,5.25,1245.6212564138743
966,22.0,5.375,1245.4398720176305
967,22.0,5.5,1245.3227521989734
968,22.0,5.625,1245.2616800009077
969,22.0,5.75,1245.248944399717
970,22.0,5.875,1245.2774212481854
971,22.0,6.0,1245.3406524658208
972,22.0,6.125,1245.4329272869468
973,22.0,6.25,1245.5490762441905
974,22.0,6.375,1245.68455234036
975,22.0,6.5,1245.8354094026092
976,22.0,6.625,1245.998249873296
977,22.0,6.75,1246.1700342656613
978,22.0,6.875,1246.3483060823455
979,22.0,7.0,1246.5308266562542
980,23.0,1.0,1260.749933923592
981,23.0,1.125,1260.937308537537
982,23.0,1.25,1261.1947048525271
983,23.0,1.375,1261.5261597903277
984,23.0,1.5,1261.9330449041292
985,23.0,1.625,1262.413110041964
986,23.0,1.75,1262.9550889134405
987,23.0,1.875,1263.5389749032481
988,23.0,2.0,1264.132731873312
989,23.0,2.125,1264.6928574303154
990,23.0,2.25,1265.1666040019313
991,23.0,2.375,1265.4978392651524
992,23.0,2.5,1265.6353139302814
993,23.0,2.625,1265.5379714742744
994,23.0,2.75,1265.1785543831904
995,23.0,2.875,1264.555695552245
996,23.0,3.0,1263.6831835384137
997,23.0,3.125,1262.5924444135449
998,23.0,3.25,1261.3248125959467
999,23.0,3.375,1259.9278186662543
1000,23.0,3.5,1258.4518272646014
1001,23.0,3.625,1256.9449580337055
1002,23.0,3.75,1255.4473516651149
1003,23.0,3.875,1253.9969211057178
1004,23.0,4.0,1252.6201294420562
1005,23.0,4.125,1251.3415799176867
1006,23.0,4.25,1250.1762788675328
1007,23.0,4.375,1249.1315424202917
1008,23.0,4.5,1248.2553761393638
1009,23.0,4.625,1247.5050277024002
1010,23.0,4.75,1246.86960203188
1011,23.0,4.875,1246.3432488074673
1012,23.0,5.0,1245.9184005996449
1013,23.0,5.125,1245.5865204893985
1014,23.0,5.25,1245.33853910067
1015,23.0,5.375,1245.165268386399
1016,23.0,5.5,1245.0578510844625
1017,23.0,5.625,1245.007657214002
1018,23.0,5.75,1245.0067596740419
1019,23.0,5.875,1245.0478901896445
1020,23.0,6.0,1245.1242840563982
1021,23.0,6.125,1245.2300568846442
1022,23.0,6.25,1245.3599418007534
1023,23.0,6.375,1245.5092639141865
1024,23.0,6.5,1245.6739427564626
1025,23.0,6.625,1245.850478714401
1026,23.0,6.75,1246.0358482307488
1027,23.0,6.875,1246.227462646607
1028,23.0,7.0,1246.4231198793887
1029,24.0,1.0,1260.4724900216765
1030,24.0,1.125,1260.6310494473673
1031,24.0,1.25,1260.8562927246094
1032,24.0,1.375,1261.1529644215163
1033,24.0,1.5,1261.523440077499
1034,24.0,1.625,1261.966929849056
1035,24.0,1.75,1262.4740400371215
1036,24.0,1.875,1263.0285740615723
1037,24.0,2.0,1263.6022112710132
1038,24.0,2.125,1264.1550728897014
1039,24.0,2.25,1264.636792280935
1040,24.0,2.375,1264.9931071953642
1041,24.0,2.5,1265.169795359031
1042,24.0,2.625,1265.1203140931962
1043,24.0,2.75,1264.8161101989308
1044,24.0,2.875,1264.2473069515972
1045,24.0,3.0,1263.422525749832
1046,24.0,3.125,1262.3696256992482
1047,24.0,3.25,1261.128143550842
1048,24.0,3.375,1259.74696960842
1049,24.0,3.5,1258.2774665138945
1050,24.0,3.625,1256.765520731608
1051,24.0,3.75,1255.2590688376429
1052,24.0,3.875,1253.7942620534036
1053,24.0,4.0,1252.402414295772
1054,24.0,4.125,1251.1071727550138
1055,24.0,4.25,1249.9236177786802
1056,24.0,4.375,1248.8641071909478
1057,24.0,4.5,1247.939301451722
1058,24.0,4.625,1247.1809131115467
1059,24.0,4.75,1246.5405964732292
1060,24.0,4.875,1246.0124037339615
1061,24.0,5.0,1245.5885250156339
1062,24.0,5.125,1245.2602040446127
1063,24.0,5.25,1245.0179953865713
1064,24.0,5.375,1244.8524660306734
1065,24.0,5.5,1244.7543618490886
1066,24.0,5.625,1244.714847987706
1067,24.0,5.75,1244.7256651886928
1068,24.0,5.875,1244.779294268354
1069,24.0,6.0,1244.8688608449656
1070,24.0,6.125,1244.988192654514
1071,24.0,6.25,1245.13188525037
1072,24.0,6.375,1245.295151015976
1073,24.0,6.5,1245.4737998055416
1074,24.0,6.625,1245.6642810162255
1075,24.0,6.75,1245.863430011761
1076,24.0,6.875,1246.0686302375605
1077,24.0,7.0,1246.2776125394382
1078,25.0,1.0,1260.1876181232437
1079,25.0,1.125,1260.3175804226903
1080,25.0,1.25,1260.5114957907126
1081,25.0,1.375,1260.773594474793
1082,25.0,1.5,1261.1073058372313
1083,25.0,1.625,1261.512598618217
1084,25.0,1.75,1261.982834266305
1085,25.0,1.875,1262.5046272790373
1086,25.0,2.0,1263.0534050681372
1087,25.0,2.125,1263.5930360312286
1088,25.0,2.25,1264.0772715941168
1089,25.0,2.375,1264.4510382574963
1090,25.0,2.5,1264.660148737621
1091,25.0,2.625,1264.6559578384013
1092,25.0,2.75,1264.4038277554375
1093,25.0,2.875,1263.8877353210878
1094,25.0,3.0,1263.1124767282395
1095,25.0,3.125,1262.1003385094125
1096,25.0,3.25,1260.8898737840104
1097,25.0,3.375,1259.5278097821779
1098,25.0,3.5,1258.0649845152707
1099,25.0,3.625,1256.5541658497827
1100,25.0,3.75,1255.0391274771678
1101,25.0,3.875,1253.5609691882164
1102,25.0,4.0,1252.1531195483856
1103,25.0,4.125,1250.8410880886072
1104,25.0,4.25,1249.6417067439543
1105,25.0,4.375,1248.5669587446444
1106,25.0,4.5,1247.6228437267368
1107,25.0,4.625,1246.8235614178302
1108,25.0,4.75,1246.1775991799952
1109,25.0,4.875,1245.646877765179
1110,25.0,5.0,1245.2233530019785
1111,25.0,5.125,1244.8979750260728
1112,25.0,5.25,1244.6611042765828
1113,25.0,5.375,1244.502914001892
1114,25.0,5.5,1244.4138692118427
1115,25.0,5.625,1244.3847826977712
1116,25.0,5.75,1244.4072224924735
1117,25.0,5.875,1244.4733008233227
1118,25.0,6.0,1244.5760083270006
1119,25.0,6.125,1244.7089472112361
1120,25.0,6.25,1244.8665835354836
1121,25.0,6.375,1245.0439412729604
1122,25.0,6.5,1245.2367554320679
1123,25.0,6.625,1245.441337913186
1124,25.0,6.75,1245.654487571755
1125,25.0,6.875,1245.8735470767028
1126,25.0,7.0,1246.0961642727398
1127,26.0,1.0,1259.8952395416964
1128,26.0,1.125,1259.9978579187687
1129,26.0,1.25,1260.1605970258418
1130,26.0,1.375,1260.3884146725318
1131,26.0,1.5,1260.6852188851071
1132,26.0,1.625,1261.0516369477346
1133,26.0,1.75,1261.4838027954102
1134,26.0,1.875,1261.9700311339734
1135,26.0,2.0,1262.4891537338938
1136,26.0,2.125,1263.010083358899
1137,26.0,2.25,1263.4892495902814
1138,26.0,2.375,1263.8738095181661
1139,26.0,2.5,1264.109339847743
1140,26.0,2.625,1264.1458662674622
1141,26.0,2.75,1263.9430696593708
1142,26.0,2.875,1263.4792488327357
1143,26.0,3.0,1262.7547826138316
1144,26.0,3.125,1261.7860191912687
1145,26.0,3.25,1260.6084591004903
1146,26.0,3.375,1259.2689315531056
1147,26.0,3.5,1257.8173007037726
1148,26.0,3.625,1256.3075781423704
1149,26.0,3.75,1254.7870033002416
1150,26.0,3.875,1253.2967843002411
1151,26.0,4.0,1251.8745803370616
1152,26.0,4.125,1250.5450291353113
1153,26.0,4.25,1249.3294292267472
1154,26.0,4.375,1248.239069173623
1155,26.0,4.5,1247.2806850211327
1156,26.0,4.625,1246.4558617306334
1157,26.0,4.75,1245.7819352735892
1158,26.0,4.875,1245.2479723950364
1159,26.0,5.0,1244.824231707014
1160,26.0,5.125,1244.5013310359077
1161,26.0,5.25,1244.2693191665517
1162,26.0,5.375,1244.118110511925
1163,26.0,5.5,1244.0377986728845
1164,26.0,5.625,1244.0190185485903
1165,26.0,5.75,1244.0529104379511
1166,26.0,5.875,1244.1313887833353
1167,26.0,6.0,1244.2472419395797
1168,26.0,6.125,1244.3939050451504
1169,26.0,6.25,1244.5655533888716
1170,26.0,6.375,1244.7571529422721
1171,26.0,6.5,1244.9643826175047
1172,26.0,6.625,1245.183312476098
1173,26.0,6.75,1245.410722395281
1174,26.0,6.875,1245.6438729574866
1175,26.0,7.0,1245.8803790051502
1176,27.0,1.0,1259.595999395296
1177,27.0,1.125,1259.6718645095823
1178,27.0,1.25,1259.8043092669864
1179,27.0,1.375,1259.9985288907696
1180,27.0,1.5,1260.2585269495391
1181,27.0,1.625,1260.586014158117
1182,27.0,1.75,1260.9779177302808
1183,27.0,1.875,1261.4261694979077
1184,27.0,2.0,1261.9125855615903
1185,27.0,2.125,1262.40903153498
1186,27.0,2.25,1262.8762062390651
1187,27.0,2.375,1263.2648289618805
1188,27.0,2.5,1263.520421921068
1189,27.0,2.625,1263.591279954177
1190,27.0,2.75,1263.4343393322956
1191,27.0,2.875,1263.0215227221613
1192,27.0,3.0,1262.347182682583
1193,27.0,3.125,1261.4239992720359
1194,27.0,3.25,1260.2826293903113
1195,27.0,3.375,1258.9689837388005
1196,27.0,3.5,1257.5328511844277
1197,27.0,3.625,1256.02717332294
1198,27.0,3.75,1254.5030356579873
1199,27.0,3.875,1253.0032293646184
1200,27.0,4.0,1251.5665952094696
1201,27.0,4.125,1250.2217141271663
1202,27.0,4.25,1248.9890389645832
1203,27.0,4.375,1247.8828795514787
1204,27.0,4.5,1246.9099793486535
1205,27.0,4.625,1246.0733803222402
1206,27.0,4.75,1245.3689058839138
1207,27.0,4.875,1244.8170245586934
1208,27.0,5.0,1244.3924518779563
1209,27.0,5.125,1244.0715279898327
1210,27.0,5.25,1243.8439820982244
1211,27.0,5.375,1243.6994366259964
1212,27.0,5.5,1243.6276189478244
1213,27.0,5.625,1243.618892399105
1214,27.0,5.75,1243.6641398914803
1215,27.0,5.875,1243.7550592565394
1216,27.0,6.0,1243.8840999088804
1217,27.0,6.125,1244.0445069761781
1218,27.0,6.25,1244.2303465272526
1219,27.0,6.375,1244.4364029830033
1220,27.0,6.5,1244.6581541170015
1221,27.0,6.625,1244.8917030692696
1222,27.0,6.75,1245.1336432122575
1223,27.0,6.875,1245.3811570052264
1224,27.0,7.0,1245.631839778874
1225,28.0,1.0,1259.290758918314
1226,28.0,1.125,1259.3404872175574
1227,28.0,1.25,1259.443500010172
1228,28.0,1.375,1259.6046060451313
1229,28.0,1.5,1259.8282430413065
1230,28.0,1.625,1260.116245623717
1231,28.0,1.75,1260.467354290858
1232,28.0,1.875,1260.8752677315158
1233,28.0,2.0,1261.325166663345
1234,28.0,2.125,1261.79263331922
1235,28.0,2.25,1262.2420135387877
1236,28.0,2.375,1262.6273013551686
1237,28.0,2.5,1262.8963140979386
1238,28.0,2.625,1262.9957609538787
1239,28.0,2.75,1262.87947461649
1240,28.0,2.875,1262.5155637367604
1241,28.0,3.0,1261.8914002939339
1242,28.0,3.125,1261.0143866230258
1243,28.0,3.25,1259.9130661921067
1244,28.0,3.375,1258.628616547618
1245,28.0,3.5,1257.210283731019
1246,28.0,3.625,1255.712540093784
1247,28.0,3.75,1254.187232898333
1248,28.0,3.875,1252.6802755171257
1249,28.0,4.0,1251.2311261444693
1250,28.0,4.125,1249.8706428811852
1251,28.0,4.25,1248.6211965809698
1252,28.0,4.375,1247.4991687157908
1253,28.0,4.5,1246.5124119274624
1254,28.0,4.625,1245.662172460346
1255,28.0,4.75,1244.9486281801373
1256,28.0,4.875,1244.3640852696249
1257,28.0,5.0,1243.929243440276
1258,28.0,5.125,1243.6098279009811
1259,28.0,5.25,1243.3863567615247
1260,28.0,5.375,1243.2481233366248
1261,28.0,5.5,1243.1846066073822
1262,28.0,5.625,1243.185798576424
1263,28.0,5.75,1243.2423669927487
1264,28.0,5.875,1243.3456276084753
1265,28.0,6.0,1243.487885558046
1266,28.0,6.125,1243.6621504563554
1267,28.0,6.25,1243.862301410138
1268,28.0,6.375,1244.0830249767328
1269,28.0,6.5,1244.3195398656524
1270,28.0,6.625,1244.5678951785524
1271,28.0,6.75,1244.8246210271664
1272,28.0,6.875,1245.086842555028
1273,28.0,7.0,1245.352007078005
1274,29.0,1.0,1258.980072640083
1275,29.0,1.125,1259.0045782725015
1276,29.0,1.25,1259.0789178139403
1277,29.0,1.375,1259.207703116891
1278,29.0,1.5,1259.395047626798
1279,29.0,1.625,1259.6438409546954
1280,29.0,1.75,1259.9537698740723
1281,29.0,1.875,1260.319624175295
1282,29.0,2.0,1260.7303385797577
1283,29.0,2.125,1261.1643329542508
1284,29.0,2.25,1261.5901269985518
1285,29.0,2.375,1261.9656851828631
1286,29.0,2.5,1262.2406132797842
1287,29.0,2.625,1262.3617475911194
1288,29.0,2.75,1262.2805104331364
1289,29.0,2.875,1261.9624517284549
1290,29.0,3.0,1261.3868175172372
1291,29.0,3.125,1260.5590203830168
1292,29.0,3.25,1259.499103882733
1293,29.0,3.375,1258.2461892620122
1294,29.0,3.5,1256.8499200793287
1295,29.0,3.625,1255.3639468899023
1296,29.0,3.75,1253.8400748397694
1297,29.0,3.875,1252.3277050045365
1298,29.0,4.0,1250.8673381938424
1299,29.0,4.125,1249.4927177117377
1300,29.0,4.25,1248.2282312511607
1301,29.0,4.375,1247.0903990650907
1302,29.0,4.5,1246.088320584594
1303,29.0,4.625,1245.2253151604518
1304,29.0,4.75,1244.5003403182582
1305,29.0,4.875,1243.908778403882
1306,29.0,5.0,1243.4413424823842
1307,29.0,5.125,1243.1174619143067
1308,29.0,5.25,1242.897684057276
1309,29.0,5.375,1242.7654882196664
1310,29.0,5.5,1242.7100314388983
1311,29.0,5.625,1242.7209935297856
1312,29.0,5.75,1242.788686456976
1313,29.0,5.875,1242.9043090545933
1314,29.0,6.0,1243.0598282790208
1315,29.0,6.125,1243.2480585515564
1316,29.0,6.25,1243.4626796695738
1317,29.0,6.375,1243.6982059383488
1318,29.0,6.5,1243.9497581276146
1319,29.0,6.625,1244.2131938800944
1320,29.0,6.75,1244.485018994068
1321,29.0,6.875,1244.762197946097
1322,29.0,7.0,1245.042186054912
1323,30.0,1.0,1258.6647995842823
1324,30.0,1.125,1258.6650480754638
1325,30.0,1.25,1258.711607070197
1326,30.0,1.375,1258.8089075129787
1327,30.0,1.5,1258.9609447745397
1328,30.0,1.625,1259.1706458782326
1329,30.0,1.75,1259.4383893027582
1330,30.0,1.875,1259.7615277015998
1331,30.0,2.0,1260.130295176565
1332,30.0,2.125,1260.526957994097
1333,30.0,2.25,1260.9242910171452
1334,30.0,2.375,1261.283125296322
1335,30.0,2.5,1261.5561512042045
1336,30.0,2.625,1261.6924489869016
1337,30.0,2.75,1261.6418231588373
1338,30.0,2.875,1261.3642904287788
1339,30.0,3.0,1260.8365926396036
1340,30.0,3.125,1260.0557809438765
1341,30.0,3.25,1259.04001359206
1342,30.0,3.375,1257.8224855242152
1343,30.0,3.5,1256.4520699970583
1344,30.0,3.625,1254.9802424346267
1345,30.0,3.75,1253.461784689433
1346,30.0,3.875,1251.946640014649
1347,30.0,4.0,1250.4780768771907
1348,30.0,4.125,1249.0903171561877
1349,30.0,4.25,1247.811040110972
1350,30.0,4.375,1246.657200885641
1351,30.0,4.5,1245.6396943940886
1352,30.0,4.625,1244.7638647286121
1353,30.0,4.75,1244.0277634296035
1354,30.0,4.875,1243.4272628324893
1355,30.0,5.0,1242.9538516535047
1356,30.0,5.125,1242.5990218043805
1357,30.0,5.25,1242.379085376904
1358,30.0,5.375,1242.2526282768745
1359,30.0,5.5,1242.2049838894013
1360,30.0,5.625,1242.2255575692625
1361,30.0,5.75,1242.3043765316716
1362,30.0,5.875,1242.432330928959
1363,30.0,6.0,1242.6011361227888
1364,30.0,6.125,1242.8034224686448
1365,30.0,6.25,1243.0326904998083
1366,30.0,6.375,1243.283159863818
1367,30.0,6.5,1243.5499313613636
1368,30.0,6.625,1243.8287409154568
1369,30.0,6.75,1244.1159232155787
1370,30.0,6.875,1244.408359432316
1371,30.0,7.0,1244.7034836196522
1372,31.0,1.0,1258.3460614013675
1373,31.0,1.125,1258.3232633150544
1374,31.0,1.25,1258.343171255929
1375,31.0,1.375,1258.4098771902231
1376,31.0,1.5,1258.527272826467
1377,31.0,1.625,1258.6983889625194
1378,31.0,1.75,1258.9243784258442
1379,31.0,1.875,1259.2033226301578
1380,31.0,2.0,1259.5281405675973
1381,31.0,2.125,1259.88437442329
1382,31.0,2.25,1260.2477851003978
1383,31.0,2.375,1260.5835623792423
1384,31.0,2.5,1260.8483868444744
1385,31.0,2.625,1260.9921681970573
1386,31.0,2.75,1260.9648237604388
1387,31.0,2.875,1260.7237127696087
1388,31.0,3.0,1260.240854984572
1389,31.0,3.125,1259.5081064523742
1390,31.0,3.25,1258.5370582205348
1391,31.0,3.375,1257.3580001106825
1392,31.0,3.5,1256.0158142290616
1393,31.0,3.625,1254.5628438043434
1394,31.0,3.75,1253.0533116444817
1395,31.0,3.875,1251.5385883894755
1396,31.0,4.0,1250.063281488337
1397,31.0,4.125,1248.6649168897793
1398,31.0,4.25,1247.3711896020345
1399,31.0,4.375,1246.202362987483
1400,31.0,4.5,1245.169930479075
1401,31.0,4.625,1244.2795653919604
1402,31.0,4.75,1243.5317269399932
1403,31.0,4.875,1242.921324530951
1404,31.0,5.0,1242.4416885976711
1405,31.0,5.125,1242.0827202069556
1406,31.0,5.25,1241.833499686751
1407,31.0,5.375,1241.7106431014058
1408,31.0,5.5,1241.6705858076252
1409,31.0,5.625,1241.7006075894324
1410,31.0,5.75,1241.790466003723
1411,31.0,5.875,1241.9306958757795
1412,31.0,6.0,1242.112845269355
1413,31.0,6.125,1242.3292629916473
1414,31.0,6.25,1242.5732882992256
1415,31.0,6.375,1242.8389342895875
1416,31.0,6.5,1243.121156873522
1417,31.0,6.625,1243.4155661385735
1418,31.0,6.75,1243.7183925845884
1419,31.0,6.875,1244.0264378870643
1420,31.0,7.0,1244.3369921246967
1421,32.0,1.0,1258.0252940838147
1422,32.0,1.125,1257.9806174483956
1423,32.0,1.25,1257.9752813601026
1424,32.0,1.375,1258.0131246529368
1425,32.0,1.5,1258.0971464563586
1426,32.0,1.625,1258.2305708385643
1427,32.0,1.75,1258.4147998479407
1428,32.0,1.875,1258.6492536272322
1429,32.0,2.0,1258.928497181189
1430,32.0,2.125,1259.2407673618245
1431,32.0,2.25,1259.5657456979243
1432,32.0,2.375,1259.8727981331426
1433,32.0,2.5,1260.1221759911205
1434,32.0,2.625,1260.2658282770021
1435,32.0,2.75,1260.2547923278798
1436,32.0,2.875,1260.0445890062633
1437,32.0,3.0,1259.6032671126334
1438,32.0,3.125,1258.9163201097122
1439,32.0,3.25,1257.9910753954637
1440,32.0,3.375,1256.8527845023327
1441,32.0,3.5,1255.542894507421
1442,32.0,3.625,1254.112558942853
1443,32.0,3.75,1252.615612553615
1444,32.0,3.875,1251.104883466448
1445,32.0,4.0,1249.626575670744
1446,32.0,4.125,1248.2192745330226
1447,32.0,4.25,1246.9130419302678
1448,32.0,4.375,1245.7290877999033
1449,32.0,4.5,1244.68112857159
1450,32.0,4.625,1243.7760214120008
1451,32.0,4.75,1243.0150299967213
1452,32.0,4.875,1242.394231704467
1453,32.0,5.0,1241.9066566448541
1454,32.0,5.125,1241.5428523973885
1455,32.0,5.25,1241.2916353915602
1456,32.0,5.375,1241.1415610251356
1457,32.0,5.5,1241.107808588506
1458,32.0,5.625,1241.1471391462542
1459,32.0,5.75,1241.2479219998756
1460,32.0,5.875,1241.4004207919768
1461,32.0,6.0,1241.5959124798542
1462,32.0,6.125,1241.8266172151825
1463,32.0,6.25,1242.0854526942785
1464,32.0,6.375,1242.3664861292275
1465,32.0,6.5,1242.6643831937113
1466,32.0,6.625,1242.974591936384
1467,32.0,6.75,1243.2933494880363
1468,32.0,6.875,1243.617245715101
1469,32.0,7.0,1243.943575879077
1470,33.0,1.0,1257.7003090054377
1471,33.0,1.125,1257.6344005878154
1472,33.0,1.25,1257.6048578000532
1473,33.0,1.375,1257.6148852180027
1474,33.0,1.5,1257.667715035233
1475,33.0,1.625,1257.7663062600525
1476,33.0,1.75,1257.9119678572115
1477,33.0,1.875,1258.1038935044226
1478,33.0,2.0,1258.3377045276115
1479,33.0,2.125,1258.6032608808096
1480,33.0,2.25,1258.8852829294106
1481,33.0,2.375,1259.157533427231
1482,33.0,2.5,1259.383823323694
1483,33.0,2.625,1259.519984818533
1484,33.0,2.75,1259.5177636065328
1485,33.0,2.875,1259.3319691768306
1486,33.0,3.0,1258.927057604769
1487,33.0,3.125,1258.2845136674778
1488,33.0,3.25,1257.4047670908762
1489,33.0,3.375,1256.3089701225017
1490,33.0,3.5,1255.0350108265066
1491,33.0,3.625,1253.631626306362
1492,33.0,3.75,1252.1524562098048
1493,33.0,3.875,1250.6505959891642
1494,33.0,4.0,1249.173698265682
1495,33.0,4.125,1247.7612581058424
1496,33.0,4.25,1246.4440571178086
1497,33.0,4.375,1245.2452708828835
1498,33.0,4.5,1244.1805017644706
1499,33.0,4.625,1243.2586287558775
1500,33.0,4.75,1242.4823479062038
1501,33.0,4.875,1241.8489480211201
1502,33.0,5.0,1241.3518397912608
1503,33.0,5.125,1240.9815044910724
1504,33.0,5.25,1240.7269975959907
1505,33.0,5.375,1240.5765617492996
1506,33.0,5.5,1240.5180655670174
1507,33.0,5.625,1240.5660523710908
1508,33.0,5.75,1240.677616755803
1509,33.0,5.875,1240.8423830198126
1510,33.0,6.0,1241.0512351418115
1511,33.0,6.125,1241.2962387039233
1512,33.0,6.25,1241.5700701733572
1513,33.0,6.375,1241.8666080471044
1514,33.0,6.5,1242.1803859135252
1515,33.0,6.625,1242.5066834563142
1516,33.0,6.75,1242.8415869713783
1517,33.0,6.875,1243.1816793131188
1518,33.0,7.0,1243.5240712961358
1519,34.0,1.0,1257.370961507161
1520,34.0,1.125,1257.2846386479387
1521,34.0,1.25,1257.2311147054033
1522,34.0,1.375,1257.213975494983
1523,34.0,1.5,1257.2359301997158
1524,34.0,1.625,1257.299922868317
1525,34.0,1.75,1257.4076633827349
1526,34.0,1.875,1257.5589356055625
1527,34.0,2.0,1257.750740799249
1528,34.0,2.125,1257.9742326923438
1529,34.0,2.25,1258.214875763537
1530,34.0,2.375,1258.4490114099833
1531,34.0,2.5,1258.6448751913533
1532,34.0,2.625,1258.7645769119267
1533,34.0,2.75,1258.7627167589078
1534,34.0,2.875,1258.593690546859
1535,34.0,3.0,1258.2199773027855
1536,34.0,3.125,1257.618048014202
1537,34.0,3.25,1256.783521946103
1538,34.0,3.375,1255.7324223785904
1539,34.0,3.5,1254.4985308863
1540,34.0,3.625,1253.1287396438727
1541,34.0,3.75,1251.6755323056814
1542,34.0,3.875,1250.188552258061
1543,34.0,4.0,1248.7158367680563
1544,34.0,4.125,1247.298604903683
1545,34.0,4.25,1245.9737845028144
1546,34.0,4.375,1244.762435049381
1547,34.0,4.5,1243.6822390088846
1548,34.0,4.625,1242.741540979455
1549,34.0,4.75,1241.9438628311996
1550,34.0,4.875,1241.2924803473277
1551,34.0,5.0,1240.78193880477
1552,34.0,5.125,1240.402426880069
1553,34.0,5.25,1240.1427272504745
1554,34.0,5.375,1239.990483589892
1555,34.0,5.5,1239.9331374003973
1556,34.0,5.625,1239.9581521993634
1557,34.0,5.75,1240.0804678567285
1558,34.0,5.875,1240.2573582271007
1559,34.0,6.0,1240.479616513857
1560,34.0,6.125,1240.7389204271071
1561,34.0,6.25,1241.0278898042873
1562,34.0,6.375,1241.3400863815145
1563,34.0,6.5,1241.6699111283006
1564,34.0,6.625,1242.0125435782484
1565,34.0,6.75,1242.3638608096007
1566,34.0,6.875,1242.720405128929
1567,34.0,7.0,1243.0791676127828
1568,35.0,1.0,1257.0376033408966
1569,35.0,1.125,1256.930978812423
1570,35.0,1.25,1256.8542211196
1571,35.0,1.375,1256.8101172353702
1572,35.0,1.5,1256.8017368690635
1573,35.0,1.625,1256.8317547966446
1574,35.0,1.75,1256.9017672071268
1575,35.0,1.875,1257.0125415278417
1576,35.0,2.0,1257.1614254222195
1577,35.0,2.125,1257.342070037243
1578,35.0,2.25,1257.541695389093
1579,35.0,2.375,1257.7401479085283
1580,35.0,2.5,1257.9090522317324
1581,35.0,2.625,1258.011374380074
1582,35.0,2.75,1258.0048789230043
1583,35.0,2.875,1257.846114818866
1584,35.0,3.0,1257.4971591725061
1585,35.0,3.125,1256.9321470440561
1586,35.0,3.25,1256.142148618344
1587,35.0,3.375,1255.137442075289
1588,35.0,3.5,1253.9456248733236
1589,35.0,3.625,1252.608627618527
1590,35.0,3.75,1251.1761833639698
1591,35.0,3.875,1249.6994277409149
1592,35.0,4.0,1248.2298974823534
1593,35.0,4.125,1246.8100852966309
1594,35.0,4.25,1245.4754650409402
1595,35.0,4.375,1244.2578125
1596,35.0,4.5,1243.1639182567596
1597,35.0,4.625,1242.214852099149
1598,35.0,4.75,1241.4070892333982
1599,35.0,4.875,1240.740007471154
1600,35.0,5.0,1240.2087173461916
1601,35.0,5.125,1239.812762832642
1602,35.0,5.25,1239.5432257898074
1603,35.0,5.375,1239.3861778068008
1604,35.0,5.5,1239.3279166843572
1605,35.0,5.625,1239.3557851210883
1606,35.0,5.75,1239.457171170504
1607,35.0,5.875,1239.6462143051042
1608,35.0,6.0,1239.8818443062069
1609,35.0,6.125,1240.1554898806035
1610,35.0,6.25,1240.4596193448888
1611,35.0,6.375,1240.7876193630586
1612,35.0,6.5,1241.1336420537473
1613,35.0,6.625,1241.4928180187735
1614,35.0,6.75,1241.8607895857804
1615,35.0,6.875,1242.2340411358664
1616,35.0,7.0,1242.6095523129216
1617,36.0,1.0,1256.7003586713001
1618,36.0,1.125,1256.5741041594852
1619,36.0,1.25,1256.4742832557822
1620,36.0,1.375,1256.4038594563795
1621,36.0,1.5,1256.365534464518
1622,36.0,1.625,1256.3618035409959
1623,36.0,1.75,1256.394654816272
1624,36.0,1.875,1256.4647764318129
1625,36.0,2.0,1256.5706006218402
1626,36.0,2.125,1256.7070366354544
1627,36.0,2.25,1256.8628447910523
1628,36.0,2.375,1257.0233453488809
1629,36.0,2.5,1257.160779167624
1630,36.0,2.625,1257.2427906709554
1631,36.0,2.75,1257.2296307133693
1632,36.0,2.875,1257.0792104683667
1633,36.0,3.0,1256.7527621400118
1634,36.0,3.125,1256.221080106847
1635,36.0,3.25,1255.4702172960547
1636,36.0,3.375,1254.5081942689185
1637,36.0,3.5,1253.3539567427197
1638,36.0,3.625,1252.050117043888
1639,36.0,3.75,1250.6409409466905
1640,36.0,3.875,1249.1799313414326
1641,36.0,4.0,1247.7170308430987
1642,36.0,4.125,1246.2952075088233
1643,36.0,4.25,1244.9586441937613
1644,36.0,4.375,1243.7290176690785
1645,36.0,4.5,1242.6266013251407
1646,36.0,4.625,1241.6657961331878
1647,36.0,4.75,1240.8484874052156
1648,36.0,4.875,1240.1731646502453
1649,36.0,5.0,1239.6362768435006
1650,36.0,5.125,1239.2274932861324
1651,36.0,5.25,1238.9390585355673
1652,36.0,5.375,1238.769817391622
1653,36.0,5.5,1238.7065057227076
1654,36.0,5.625,1238.7340852158582
1655,36.0,5.75,1238.8391424821837
1656,36.0,5.875,1239.009518161282
1657,36.0,6.0,1239.2584810819067
1658,36.0,6.125,1239.546579442896
1659,36.0,6.25,1239.8659481082882
1660,36.0,6.375,1240.2098207730992
1661,36.0,6.5,1240.572259009301
1662,36.0,6.625,1240.9481525706956
1663,36.0,6.75,1241.332998056631
1664,36.0,6.875,1241.7232575926273
1665,36.0,7.0,1242.115659837599
1666,37.0,1.0,1256.359825882257
1667,37.0,1.125,1256.2140326406434
1668,37.0,1.25,1256.091799268535
1669,37.0,1.375,1255.9954759186385
1670,37.0,1.5,1255.927478565889
1671,37.0,1.625,1255.8897869403543
1672,37.0,1.75,1255.8861362232878
1673,37.0,1.875,1255.915736778109
1674,37.0,2.0,1255.9783681233716
1675,37.0,2.125,1256.0698744829958
1676,37.0,2.25,1256.1820953967522
1677,37.0,2.375,1256.3001176422717
1678,37.0,2.5,1256.402125639073
1679,37.0,2.625,1256.4583497888898
1680,37.0,2.75,1256.4324547262747
1681,37.0,2.875,1256.2838460884839
1682,37.0,3.0,1255.9733185401328
1683,37.0,3.125,1255.4711555032163
1684,37.0,3.25,1254.7586598115804
1685,37.0,3.375,1253.8359392606294
1686,37.0,3.5,1252.722784304151
1687,37.0,3.625,1251.4491191663233
1688,37.0,3.75,1250.0695082720586
1689,37.0,3.875,1248.6259490368413
1690,37.0,4.0,1247.1724925321691
1691,37.0,4.125,1245.7552756515202
1692,37.0,4.25,1244.4126041118907
1693,37.0,4.375,1243.176293466605
1694,37.0,4.5,1242.0659039067286
1695,37.0,4.625,1241.0946909586578
1696,37.0,4.75,1240.2653332414295
1697,37.0,4.875,1239.5854261809704
1698,37.0,5.0,1239.0422043145868
1699,37.0,5.125,1238.6298370361324
1700,37.0,5.25,1238.3382819680605
1701,37.0,5.375,1238.156168235923
1702,37.0,5.5,1238.0772042006593
1703,37.0,5.625,1238.0985818995107
1704,37.0,5.75,1238.20371613022
1705,37.0,5.875,1238.3782197740338
1706,37.0,6.0,1238.6103002984567
1707,37.0,6.125,1238.9127682924989
1708,37.0,6.25,1239.2474769950509
1709,37.0,6.375,1239.6073723792078
1710,37.0,6.5,1239.986285763187
1711,37.0,6.625,1240.3790014916724
1712,37.0,6.75,1240.7810165451006
1713,37.0,6.875,1241.1884524319676
1714,37.0,7.0,1241.5981142575688
